lsoa21cd,IMD19
E01014014,13636.0
E01014031,13631.0
E01014032,16442.0
E01014036,23031.0
E01014057,13591.0
E01014370,12188.0
E01014371,16329.0
E01014372,19305.0
E01014373,23644.0
E01014374,27670.0
E01014375,22770.0
E01014376,32269.0
E01014377,30918.0
E01014380,32636.0
E01014381,32511.0
E01014382,28239.0
E01014383,26882.0
E01014384,30916.0
E01014385,21955.0
E01014386,24815.0
E01014387,28318.0
E01014388,32497.0
E01014389,29674.0
E01014390,3758.0
E01014391,26359.0
E01014392,17767.0
E01014393,32656.0
E01014394,23077.0
E01014395,31480.0
E01014396,26401.0
E01014397,32768.0
E01014398,24832.0
E01014399,18853.0
E01014400,25118.0
E01014401,12117.0
E01014403,18364.0
E01014404,9638.0
E01014405,31930.0
E01014407,9836.0
E01014409,18201.0
E01014410,32506.0
E01014411,30867.0
E01014412,31817.0
E01014413,31003.0
E01014414,17804.0
E01014415,32604.0
E01014416,27788.0
E01014417,30880.0
E01014418,25502.0
E01014419,25898.0
E01014420,22496.0
E01014421,29959.0
E01014422,31159.0
E01014423,24284.0
E01014424,30929.0
E01014425,24869.0
E01014426,12047.0
E01014427,25880.0
E01014428,31452.0
E01014429,30814.0
E01014430,27960.0
E01014431,16051.0
E01014432,19118.0
E01014433,16272.0
E01014434,30206.0
E01014435,31764.0
E01014436,29433.0
E01014437,12016.0
E01014438,14778.0
E01014439,17055.0
E01014440,28479.0
E01014441,26434.0
E01014442,24837.0
E01014443,25887.0
E01014444,25215.0
E01014445,9106.0
E01014446,20141.0
E01014447,16539.0
E01014448,10098.0
E01014449,25490.0
E01014450,12365.0
E01014451,15177.0
E01014452,24946.0
E01014453,32115.0
E01014454,32555.0
E01014455,15206.0
E01014456,25357.0
E01014457,31101.0
E01014458,3278.0
E01014459,18715.0
E01014460,32180.0
E01014461,9117.0
E01014462,4576.0
E01014463,3120.0
E01014464,3774.0
E01014465,29295.0
E01014466,16412.0
E01014467,28411.0
E01014468,29581.0
E01014469,11976.0
E01014470,27412.0
E01014471,19636.0
E01014472,22355.0
E01014473,29622.0
E01014474,17849.0
E01014476,31182.0
E01014477,32001.0
E01014478,12295.0
E01014479,31271.0
E01014480,19081.0
E01014481,28870.0
E01014482,31537.0
E01014483,26007.0
E01014484,26970.0
E01014485,12992.0
E01014486,3573.0
E01014487,17138.0
E01014488,11617.0
E01014489,5787.0
E01014491,21380.0
E01014492,5144.0
E01014493,5986.0
E01014494,18309.0
E01014495,12862.0
E01014496,11235.0
E01014497,3871.0
E01014498,7473.0
E01014499,6363.0
E01014500,13997.0
E01014501,7041.0
E01014502,7668.0
E01014504,21462.0
E01014505,22238.0
E01014506,24197.0
E01014507,25753.0
E01014508,18629.0
E01014509,26948.0
E01014510,26251.0
E01014511,24538.0
E01014512,21945.0
E01014513,29628.0
E01014514,23611.0
E01014515,4064.0
E01014516,890.0
E01014517,2813.0
E01014518,14514.0
E01014519,9977.0
E01014520,19975.0
E01014521,10716.0
E01014522,4031.0
E01014523,9490.0
E01014524,16362.0
E01014525,22495.0
E01014526,4726.0
E01014527,11984.0
E01014528,21215.0
E01014529,6232.0
E01014530,16297.0
E01014531,18045.0
E01014532,15583.0
E01014533,16071.0
E01014534,14604.0
E01014535,20248.0
E01014536,3177.0
E01014537,14247.0
E01014538,22489.0
E01014539,21001.0
E01014544,28589.0
E01014545,27222.0
E01014546,25141.0
E01014547,28155.0
E01014548,15891.0
E01014549,15519.0
E01014550,27713.0
E01014551,20720.0
E01014552,27927.0
E01014553,27302.0
E01014554,24154.0
E01014555,18589.0
E01014556,27986.0
E01014557,25672.0
E01014558,18383.0
E01014559,26995.0
E01014560,25109.0
E01014561,25365.0
E01014562,22212.0
E01014563,18928.0
E01014564,9374.0
E01014565,6176.0
E01014566,8649.0
E01014567,10881.0
E01014568,4274.0
E01014569,8449.0
E01014570,11159.0
E01014571,9293.0
E01014572,8195.0
E01014573,13598.0
E01014574,3724.0
E01014575,5852.0
E01014576,12202.0
E01014577,22778.0
E01014578,5459.0
E01014579,6107.0
E01014580,379.0
E01014581,477.0
E01014582,1426.0
E01014583,573.0
E01014584,2625.0
E01014585,416.0
E01014586,10297.0
E01014587,11704.0
E01014588,8149.0
E01014589,979.0
E01014590,9254.0
E01014591,17176.0
E01014592,11699.0
E01014593,334.0
E01014594,359.0
E01014595,2108.0
E01014596,1470.0
E01014597,483.0
E01014598,22534.0
E01014599,20116.0
E01014600,7965.0
E01014601,7858.0
E01014602,4647.0
E01014603,10076.0
E01014605,1697.0
E01014607,11390.0
E01014608,3118.0
E01014609,6571.0
E01014610,3439.0
E01014611,21270.0
E01014612,9132.0
E01014613,15211.0
E01014614,16919.0
E01014615,31994.0
E01014616,29738.0
E01014617,30147.0
E01014618,31777.0
E01014619,28213.0
E01014620,30412.0
E01014621,24190.0
E01014622,10326.0
E01014623,11989.0
E01014624,6982.0
E01014626,6515.0
E01014627,13524.0
E01014629,4638.0
E01014630,6276.0
E01014631,16300.0
E01014632,11439.0
E01014633,14739.0
E01014634,23040.0
E01014635,20291.0
E01014636,4934.0
E01014637,23494.0
E01014638,1587.0
E01014639,1445.0
E01014640,3934.0
E01014641,16327.0
E01014642,17299.0
E01014643,4593.0
E01014644,9056.0
E01014645,11053.0
E01014646,9416.0
E01014647,2467.0
E01014648,21206.0
E01014649,22285.0
E01014650,10224.0
E01014651,22686.0
E01014653,743.0
E01014654,1881.0
E01014655,2334.0
E01014658,1634.0
E01014659,6246.0
E01014660,4499.0
E01014661,6222.0
E01014662,12497.0
E01014663,3249.0
E01014664,6979.0
E01014665,13351.0
E01014666,30477.0
E01014667,30062.0
E01014668,27824.0
E01014669,26645.0
E01014670,21086.0
E01014671,16268.0
E01014672,24618.0
E01014673,8667.0
E01014674,8933.0
E01014675,13783.0
E01014676,11238.0
E01014677,19709.0
E01014678,13932.0
E01014679,16600.0
E01014680,19981.0
E01014681,11208.0
E01014682,7789.0
E01014683,6245.0
E01014684,7821.0
E01014685,4560.0
E01014686,10698.0
E01014687,8389.0
E01014688,2480.0
E01014689,613.0
E01014690,7419.0
E01014691,5368.0
E01014692,4677.0
E01014693,23312.0
E01014694,4996.0
E01014695,8839.0
E01014696,26803.0
E01014698,22763.0
E01014699,10787.0
E01014700,25217.0
E01014701,19457.0
E01014702,20740.0
E01014703,2246.0
E01014704,11746.0
E01014705,23920.0
E01014706,2676.0
E01014707,14910.0
E01014708,15316.0
E01014709,22851.0
E01014710,29847.0
E01014711,30805.0
E01014712,22463.0
E01014713,30769.0
E01014714,30599.0
E01014715,31914.0
E01014716,31522.0
E01014717,31704.0
E01014718,30787.0
E01014719,26487.0
E01014720,14010.0
E01014721,24058.0
E01014722,22322.0
E01014723,23169.0
E01014725,27319.0
E01014726,91.0
E01014727,226.0
E01014729,2892.0
E01014730,8845.0
E01014731,11426.0
E01014732,16246.0
E01014733,18856.0
E01014734,20081.0
E01014735,20265.0
E01014736,9837.0
E01014737,32773.0
E01014738,27044.0
E01014739,25523.0
E01014740,23057.0
E01014741,27133.0
E01014742,32672.0
E01014744,20039.0
E01014745,24539.0
E01014746,12966.0
E01014747,24285.0
E01014748,28487.0
E01014749,31684.0
E01014750,19067.0
E01014751,15437.0
E01014752,28890.0
E01014753,14293.0
E01014754,26176.0
E01014755,27199.0
E01014756,20504.0
E01014757,27863.0
E01014758,26010.0
E01014759,32501.0
E01014760,22806.0
E01014761,29882.0
E01014762,29114.0
E01014763,22434.0
E01014764,19633.0
E01014765,26336.0
E01014766,24858.0
E01014767,32306.0
E01014770,21875.0
E01014771,25316.0
E01014772,18857.0
E01014773,23422.0
E01014774,10808.0
E01014775,31417.0
E01014776,32076.0
E01014777,29776.0
E01014778,32531.0
E01014779,27099.0
E01014780,18838.0
E01014781,16523.0
E01014782,30507.0
E01014783,20347.0
E01014784,27667.0
E01014785,29037.0
E01014786,12371.0
E01014787,27410.0
E01014789,29352.0
E01014790,29701.0
E01014792,29374.0
E01014793,30524.0
E01014794,27482.0
E01014795,14677.0
E01014796,27474.0
E01014797,25737.0
E01014798,32339.0
E01014799,3493.0
E01014800,545.0
E01014801,1069.0
E01014802,4656.0
E01014803,22490.0
E01014804,15641.0
E01014805,22340.0
E01014806,4317.0
E01014807,7147.0
E01014808,22787.0
E01014809,7498.0
E01014811,8545.0
E01014812,18007.0
E01014813,17895.0
E01014815,9463.0
E01014816,26526.0
E01014817,22757.0
E01014818,30999.0
E01014819,25617.0
E01014820,11904.0
E01014821,25155.0
E01014822,31922.0
E01014823,30015.0
E01014824,24160.0
E01014825,26345.0
E01014826,24107.0
E01014827,8817.0
E01014828,3307.0
E01014829,1748.0
E01014830,8083.0
E01014831,156.0
E01014832,353.0
E01014833,1030.0
E01014834,2548.0
E01014835,6799.0
E01014836,13441.0
E01014838,21430.0
E01014839,19793.0
E01014840,12846.0
E01014841,7155.0
E01014842,3921.0
E01014843,13733.0
E01014844,1813.0
E01014845,21740.0
E01014846,18600.0
E01014847,23212.0
E01014848,19217.0
E01014849,29643.0
E01014850,29893.0
E01014851,27585.0
E01014852,24658.0
E01014853,31110.0
E01014854,24535.0
E01014855,31186.0
E01014856,21679.0
E01014857,24937.0
E01014858,21350.0
E01014859,29220.0
E01014860,19900.0
E01014861,14305.0
E01014862,26425.0
E01014863,25488.0
E01014864,21849.0
E01014865,19576.0
E01014866,30590.0
E01014867,24585.0
E01014869,32517.0
E01014870,17642.0
E01014871,26723.0
E01014872,27111.0
E01014873,32325.0
E01014874,30767.0
E01014875,30646.0
E01014876,30366.0
E01014877,32504.0
E01014878,32711.0
E01014879,32408.0
E01014880,31725.0
E01014881,31469.0
E01014882,20220.0
E01014883,31634.0
E01014884,19491.0
E01014885,32111.0
E01014886,16277.0
E01014887,31449.0
E01014888,30023.0
E01014889,29152.0
E01014890,22313.0
E01014891,12691.0
E01014892,13660.0
E01014893,20972.0
E01014894,23762.0
E01014895,23870.0
E01014896,25370.0
E01014897,32142.0
E01014898,26811.0
E01014899,27455.0
E01014900,20207.0
E01014901,31788.0
E01014902,32422.0
E01014903,29816.0
E01014904,12612.0
E01014905,27396.0
E01014906,12286.0
E01014907,22548.0
E01014908,27740.0
E01014909,21034.0
E01014910,22095.0
E01014911,31255.0
E01014912,32562.0
E01014913,32086.0
E01014914,18793.0
E01014915,15565.0
E01014916,20551.0
E01014917,19828.0
E01014918,26211.0
E01014919,29899.0
E01014920,27983.0
E01014921,21938.0
E01014922,22539.0
E01014923,14513.0
E01014924,12351.0
E01014925,13515.0
E01014926,6347.0
E01014927,14694.0
E01014928,12283.0
E01014929,19035.0
E01014930,30897.0
E01014931,26701.0
E01014932,30166.0
E01014933,29003.0
E01014934,32550.0
E01014935,29917.0
E01014936,21363.0
E01014937,30780.0
E01014938,26172.0
E01014939,19029.0
E01014940,30214.0
E01014941,8030.0
E01014942,9739.0
E01014943,27573.0
E01014944,31915.0
E01014945,19729.0
E01014946,12695.0
E01014947,20719.0
E01014948,8636.0
E01014950,19933.0
E01014951,8655.0
E01014953,24277.0
E01014954,23288.0
E01014955,26933.0
E01014956,24217.0
E01014957,24641.0
E01014958,11501.0
E01014959,21825.0
E01014960,17226.0
E01014961,12233.0
E01014962,20787.0
E01014963,29820.0
E01014964,31079.0
E01014965,30290.0
E01014967,31982.0
E01014968,10870.0
E01014969,32005.0
E01014972,24052.0
E01014973,13795.0
E01014974,23377.0
E01014975,20744.0
E01014976,8657.0
E01014977,4858.0
E01014978,28535.0
E01014979,32210.0
E01014980,32087.0
E01014982,23757.0
E01014983,12285.0
E01014984,19062.0
E01014985,31546.0
E01014986,18181.0
E01014987,32054.0
E01014988,32419.0
E01014989,17303.0
E01014990,32461.0
E01014991,11707.0
E01014992,30922.0
E01014993,26822.0
E01014994,15881.0
E01014995,31436.0
E01014996,24371.0
E01014998,27647.0
E01014999,30827.0
E01015000,13532.0
E01015001,31399.0
E01015002,19488.0
E01015003,24128.0
E01015004,17705.0
E01015005,17113.0
E01015006,15909.0
E01015007,11180.0
E01015008,18936.0
E01015009,19953.0
E01015010,22098.0
E01015011,12220.0
E01015012,21922.0
E01015013,21690.0
E01015014,30232.0
E01015015,26861.0
E01015016,30602.0
E01015017,21059.0
E01015018,26620.0
E01015019,17026.0
E01015020,12322.0
E01015021,31824.0
E01015022,22774.0
E01015023,3025.0
E01015024,12627.0
E01015025,28304.0
E01015026,3064.0
E01015027,18462.0
E01015028,2063.0
E01015029,13224.0
E01015030,2190.0
E01015031,12003.0
E01015032,7337.0
E01015033,27321.0
E01015034,25044.0
E01015035,22499.0
E01015036,25554.0
E01015037,12391.0
E01015038,24499.0
E01015039,15850.0
E01015040,2142.0
E01015041,6928.0
E01015042,10854.0
E01015043,1196.0
E01015044,3211.0
E01015045,2657.0
E01015046,448.0
E01015047,2529.0
E01015048,2847.0
E01015049,15992.0
E01015050,11586.0
E01015051,14870.0
E01015052,7643.0
E01015053,5121.0
E01015054,12840.0
E01015055,3640.0
E01015056,9261.0
E01015057,2491.0
E01015058,3145.0
E01015059,10581.0
E01015060,6891.0
E01015061,7865.0
E01015062,11922.0
E01015063,7259.0
E01015064,25995.0
E01015065,17468.0
E01015066,19417.0
E01015067,24000.0
E01015068,22105.0
E01015069,9316.0
E01015070,14155.0
E01015071,11846.0
E01015072,4047.0
E01015073,5323.0
E01015074,4167.0
E01015075,4251.0
E01015076,13822.0
E01015077,12551.0
E01015078,1070.0
E01015079,15722.0
E01015080,1590.0
E01015081,5407.0
E01015082,4257.0
E01015083,2077.0
E01015084,8751.0
E01015085,7883.0
E01015086,2712.0
E01015087,2656.0
E01015088,1955.0
E01015089,9252.0
E01015090,24039.0
E01015091,16370.0
E01015092,13508.0
E01015093,8688.0
E01015094,8646.0
E01015095,9503.0
E01015096,7282.0
E01015097,23700.0
E01015098,24268.0
E01015099,18454.0
E01015100,19897.0
E01015101,28553.0
E01015102,19019.0
E01015103,19730.0
E01015104,24458.0
E01015105,26831.0
E01015106,19252.0
E01015107,19848.0
E01015108,27136.0
E01015109,21659.0
E01015110,27975.0
E01015111,24087.0
E01015112,21317.0
E01015113,26574.0
E01015114,25119.0
E01015115,7444.0
E01015116,22941.0
E01015117,21032.0
E01015118,25407.0
E01015119,25498.0
E01015120,23868.0
E01015121,28116.0
E01015122,23593.0
E01015123,17366.0
E01015124,26098.0
E01015125,23360.0
E01015126,28526.0
E01015127,17923.0
E01015128,23612.0
E01015129,13023.0
E01015130,29234.0
E01015131,31190.0
E01015132,17075.0
E01015133,27920.0
E01015134,24541.0
E01015136,22279.0
E01015137,22871.0
E01015138,19736.0
E01015139,16438.0
E01015140,26455.0
E01015141,25625.0
E01015142,10054.0
E01015143,7918.0
E01015144,2943.0
E01015145,1049.0
E01015146,3208.0
E01015147,11978.0
E01015148,9308.0
E01015149,1379.0
E01015150,8265.0
E01015151,1384.0
E01015152,1229.0
E01015153,321.0
E01015155,163.0
E01015156,5247.0
E01015159,7839.0
E01015160,30460.0
E01015161,7989.0
E01015162,6557.0
E01015163,11823.0
E01015164,13032.0
E01015165,22338.0
E01015166,6711.0
E01015167,8723.0
E01015168,6381.0
E01015169,10426.0
E01015170,4746.0
E01015171,5576.0
E01015172,8192.0
E01015173,10966.0
E01015174,16869.0
E01015175,10768.0
E01015176,4932.0
E01015177,12027.0
E01015178,10951.0
E01015179,12813.0
E01015180,2315.0
E01015181,4620.0
E01015182,4502.0
E01015183,11034.0
E01015184,19257.0
E01015185,11161.0
E01015186,4667.0
E01015187,20676.0
E01015188,15849.0
E01015189,9051.0
E01015190,6640.0
E01015191,17574.0
E01015192,6574.0
E01015193,8794.0
E01015194,6414.0
E01015196,1075.0
E01015197,27353.0
E01015198,22217.0
E01015199,26577.0
E01015200,17927.0
E01015201,18678.0
E01015202,16987.0
E01015203,21635.0
E01015204,8386.0
E01015205,14765.0
E01015206,7695.0
E01015207,15246.0
E01015208,30108.0
E01015209,9751.0
E01015210,5885.0
E01015211,22071.0
E01015212,7587.0
E01015213,12830.0
E01015214,2457.0
E01015215,13440.0
E01015216,5665.0
E01015217,736.0
E01015218,6743.0
E01015219,8280.0
E01015220,17447.0
E01015221,11816.0
E01015222,21224.0
E01015223,22894.0
E01015224,18450.0
E01015225,16745.0
E01015226,20933.0
E01015227,25465.0
E01015228,6773.0
E01015229,8910.0
E01015230,23105.0
E01015231,198.0
E01015232,2210.0
E01015233,2532.0
E01015234,6356.0
E01015235,9148.0
E01015236,11715.0
E01015237,14857.0
E01015238,10152.0
E01015239,5045.0
E01015240,6657.0
E01015241,10261.0
E01015242,6458.0
E01015243,16900.0
E01015244,17185.0
E01015245,8262.0
E01015246,19171.0
E01015247,11651.0
E01015248,5974.0
E01015249,8114.0
E01015250,19610.0
E01015251,24494.0
E01015253,20560.0
E01015254,19720.0
E01015255,714.0
E01015256,590.0
E01015257,1026.0
E01015258,12137.0
E01015259,6297.0
E01015260,1360.0
E01015261,2972.0
E01015262,5643.0
E01015263,1839.0
E01015264,20458.0
E01015265,10655.0
E01015266,1442.0
E01015267,1702.0
E01015268,9868.0
E01015269,12122.0
E01015270,7146.0
E01015271,25509.0
E01015272,23287.0
E01015273,6147.0
E01015274,14905.0
E01015275,12847.0
E01015276,10587.0
E01015277,6314.0
E01015279,3033.0
E01015280,4568.0
E01015281,1528.0
E01015286,17355.0
E01015288,3256.0
E01015289,8573.0
E01015290,5392.0
E01015291,16452.0
E01015292,8058.0
E01015293,6565.0
E01015294,8189.0
E01015295,31892.0
E01015296,15496.0
E01015297,25105.0
E01015298,24698.0
E01015299,26859.0
E01015300,27131.0
E01015301,14657.0
E01015302,11803.0
E01015303,10427.0
E01015304,3497.0
E01015305,6513.0
E01015306,6701.0
E01015307,2322.0
E01015308,8299.0
E01015309,2462.0
E01015310,6682.0
E01015311,22836.0
E01015312,2320.0
E01015313,4424.0
E01015314,24235.0
E01015315,31921.0
E01015316,27453.0
E01015317,15473.0
E01015318,18601.0
E01015319,23924.0
E01015320,25059.0
E01015321,10433.0
E01015322,26728.0
E01015323,27934.0
E01015324,19999.0
E01015325,28104.0
E01015326,11967.0
E01015327,12978.0
E01015328,10291.0
E01015329,13983.0
E01015330,19752.0
E01015331,16386.0
E01015332,23753.0
E01015333,23386.0
E01015334,14344.0
E01015335,24388.0
E01015336,17352.0
E01015337,19516.0
E01015338,2993.0
E01015339,12378.0
E01015340,20784.0
E01015341,4301.0
E01015342,30686.0
E01015343,12033.0
E01015344,23636.0
E01015345,12130.0
E01015346,12994.0
E01015348,22558.0
E01015349,17679.0
E01015350,27189.0
E01015351,25913.0
E01015352,21029.0
E01015353,17513.0
E01015354,20571.0
E01015355,18073.0
E01015356,24314.0
E01015357,8064.0
E01015358,15016.0
E01015359,8445.0
E01015360,28191.0
E01015361,17118.0
E01015362,6371.0
E01015363,17601.0
E01015364,26726.0
E01015365,13860.0
E01015366,16795.0
E01015367,6331.0
E01015368,22065.0
E01015369,19638.0
E01015370,22895.0
E01015371,10396.0
E01015372,13567.0
E01015373,18427.0
E01015374,11839.0
E01015375,13151.0
E01015376,20609.0
E01015377,16000.0
E01015378,25138.0
E01015379,4798.0
E01015380,16320.0
E01015381,7272.0
E01015382,12123.0
E01015383,18650.0
E01015384,2697.0
E01015385,9064.0
E01015386,9710.0
E01015387,20483.0
E01015388,27812.0
E01015389,23914.0
E01015390,12001.0
E01015391,21285.0
E01015392,19481.0
E01015393,15483.0
E01015394,24461.0
E01015395,27060.0
E01015396,31723.0
E01015397,31622.0
E01015398,32133.0
E01015399,32547.0
E01015400,32620.0
E01015401,31927.0
E01015402,16557.0
E01015403,27010.0
E01015404,30965.0
E01015405,29125.0
E01015406,26773.0
E01015407,22914.0
E01015408,19438.0
E01015409,10213.0
E01015410,16820.0
E01015411,24276.0
E01015412,28390.0
E01015413,19917.0
E01015414,20155.0
E01015415,6851.0
E01015416,23510.0
E01015417,15524.0
E01015418,21197.0
E01015419,27300.0
E01015420,10982.0
E01015421,15661.0
E01015422,24240.0
E01015424,21809.0
E01015425,20242.0
E01015426,7548.0
E01015427,15147.0
E01015428,21075.0
E01015429,7415.0
E01015430,4235.0
E01015431,29326.0
E01015432,27692.0
E01015433,30080.0
E01015434,30329.0
E01015435,15937.0
E01015436,21479.0
E01015437,28503.0
E01015438,20737.0
E01015439,9437.0
E01015440,18622.0
E01015441,13176.0
E01015442,7712.0
E01015443,9874.0
E01015444,14170.0
E01015445,29395.0
E01015446,20179.0
E01015447,26219.0
E01015448,22799.0
E01015449,9196.0
E01015450,21387.0
E01015451,27227.0
E01015452,30438.0
E01015453,25978.0
E01015454,20568.0
E01015455,32379.0
E01015456,13635.0
E01015457,22195.0
E01015458,30986.0
E01015459,31884.0
E01015460,19140.0
E01015461,15261.0
E01015462,19863.0
E01015463,28400.0
E01015464,31038.0
E01015465,10853.0
E01015466,22274.0
E01015471,30254.0
E01015473,24169.0
E01015475,14981.0
E01015477,9577.0
E01015478,18587.0
E01015479,13827.0
E01015480,15073.0
E01015481,24491.0
E01015482,25664.0
E01015483,27522.0
E01015484,23136.0
E01015485,27428.0
E01015486,21216.0
E01015487,20399.0
E01015488,8145.0
E01015489,18983.0
E01015490,20004.0
E01015491,7073.0
E01015492,10085.0
E01015493,21631.0
E01015494,13458.0
E01015496,19453.0
E01015497,19813.0
E01015498,24728.0
E01015499,30300.0
E01015500,24129.0
E01015501,27560.0
E01015502,11198.0
E01015503,7824.0
E01015504,27007.0
E01015505,15820.0
E01015506,3701.0
E01015507,806.0
E01015508,2544.0
E01015509,13957.0
E01015510,8370.0
E01015511,11002.0
E01015512,31984.0
E01015513,21273.0
E01015514,25400.0
E01015515,31146.0
E01015516,12816.0
E01015517,25841.0
E01015518,32052.0
E01015519,15758.0
E01015520,22303.0
E01015521,31071.0
E01015522,23164.0
E01015523,27822.0
E01015524,21886.0
E01015525,28268.0
E01015526,23075.0
E01015527,8798.0
E01015528,5402.0
E01015529,13343.0
E01015530,8186.0
E01015532,15508.0
E01015533,29771.0
E01015534,24688.0
E01015535,26827.0
E01015537,4460.0
E01015538,2757.0
E01015539,5594.0
E01015540,3612.0
E01015541,2722.0
E01015542,2794.0
E01015543,5975.0
E01015544,1382.0
E01015545,982.0
E01015546,701.0
E01015547,30120.0
E01015548,26744.0
E01015549,23489.0
E01015550,22121.0
E01015551,24693.0
E01015552,20271.0
E01015553,18469.0
E01015554,16290.0
E01015555,13780.0
E01015556,24045.0
E01015557,25154.0
E01015558,2783.0
E01015559,17968.0
E01015560,21772.0
E01015561,24720.0
E01015562,23663.0
E01015563,32290.0
E01015564,29589.0
E01015565,23460.0
E01015566,28997.0
E01015567,19896.0
E01015568,18281.0
E01015569,6838.0
E01015570,4442.0
E01015571,14237.0
E01015572,3022.0
E01015573,3016.0
E01015574,18024.0
E01015575,1670.0
E01015576,20619.0
E01015578,10811.0
E01015579,18389.0
E01015580,9606.0
E01015581,21884.0
E01015582,19792.0
E01015584,23285.0
E01015585,20954.0
E01015586,26764.0
E01015587,16354.0
E01015588,21504.0
E01016301,19275.0
E01016304,17592.0
E01018750,18263.0
E01018751,5443.0
E01018752,17741.0
E01018753,17307.0
E01018754,10851.0
E01018755,18948.0
E01018756,13322.0
E01018757,14711.0
E01018759,9241.0
E01018760,12007.0
E01018761,8151.0
E01018762,10232.0
E01018763,16592.0
E01018764,17353.0
E01018765,13769.0
E01018766,9794.0
E01018767,3275.0
E01018768,16361.0
E01018770,4389.0
E01018771,4080.0
E01018772,22783.0
E01018773,11606.0
E01018774,5474.0
E01018777,12248.0
E01018778,11447.0
E01018779,13130.0
E01018780,11299.0
E01018781,12419.0
E01018782,11858.0
E01018783,13535.0
E01018784,9427.0
E01018785,13965.0
E01018786,19691.0
E01018787,25575.0
E01018788,9788.0
E01018789,22389.0
E01018790,9404.0
E01018791,14298.0
E01018792,23234.0
E01018793,10687.0
E01018794,19540.0
E01018795,22028.0
E01018796,28717.0
E01018797,5989.0
E01018798,17008.0
E01018799,8116.0
E01018800,21524.0
E01018803,22542.0
E01018804,17591.0
E01018805,25327.0
E01018806,23704.0
E01018807,18766.0
E01018808,19436.0
E01018810,23413.0
E01018811,24857.0
E01018812,13456.0
E01018813,20826.0
E01018814,20394.0
E01018815,10154.0
E01018816,22282.0
E01018817,17306.0
E01018818,21470.0
E01018819,20905.0
E01018820,13320.0
E01018821,17016.0
E01018822,26413.0
E01018823,22381.0
E01018824,18672.0
E01018825,10797.0
E01018826,16771.0
E01018827,22832.0
E01018828,16840.0
E01018829,10011.0
E01018830,22921.0
E01018831,15602.0
E01018832,17497.0
E01018833,13522.0
E01018834,17676.0
E01018835,18093.0
E01018836,5896.0
E01018837,15834.0
E01018838,7857.0
E01018839,16008.0
E01018840,15512.0
E01018841,3527.0
E01018842,14177.0
E01018843,12688.0
E01018844,10878.0
E01018845,16304.0
E01018846,10978.0
E01018847,13099.0
E01018848,28183.0
E01018849,16230.0
E01018850,12331.0
E01018851,14205.0
E01018853,17102.0
E01018854,5833.0
E01018856,10228.0
E01018857,5178.0
E01018858,20009.0
E01018859,26096.0
E01018860,6185.0
E01018861,9872.0
E01018862,11239.0
E01018863,12071.0
E01018864,13150.0
E01018865,4895.0
E01018866,11555.0
E01018868,3199.0
E01018869,6618.0
E01018870,577.0
E01018871,12701.0
E01018872,9858.0
E01018873,8198.0
E01018874,13046.0
E01018875,1119.0
E01018876,10560.0
E01018877,12369.0
E01018878,1661.0
E01018879,20297.0
E01018880,12414.0
E01018881,12647.0
E01018882,28617.0
E01018883,21756.0
E01018884,25473.0
E01018885,13958.0
E01018886,22536.0
E01018887,12829.0
E01018888,10850.0
E01018889,22281.0
E01018890,13717.0
E01018891,10543.0
E01018892,12686.0
E01018893,6949.0
E01018894,11407.0
E01018895,9883.0
E01018896,13283.0
E01018897,5096.0
E01018898,2134.0
E01018899,24202.0
E01018900,15255.0
E01018901,20904.0
E01018902,13968.0
E01018903,16214.0
E01018904,15335.0
E01018905,12231.0
E01018906,16680.0
E01018907,8622.0
E01018908,12494.0
E01018909,11654.0
E01018910,1072.0
E01018911,5314.0
E01018912,18098.0
E01018913,11341.0
E01018914,12446.0
E01018915,19202.0
E01018916,9892.0
E01018917,17655.0
E01018918,11152.0
E01018919,12928.0
E01018920,11963.0
E01018921,16270.0
E01018922,11975.0
E01018923,15748.0
E01018924,11848.0
E01018925,9678.0
E01018926,11670.0
E01018927,8507.0
E01018928,4835.0
E01018929,11578.0
E01018930,1821.0
E01018931,15694.0
E01018932,8641.0
E01018933,2579.0
E01018934,21078.0
E01018935,17744.0
E01018936,15673.0
E01018937,8452.0
E01018938,13971.0
E01018940,14805.0
E01018941,10874.0
E01018942,10473.0
E01018943,12514.0
E01018944,10180.0
E01018945,12709.0
E01018946,15719.0
E01018948,13141.0
E01018949,4776.0
E01018950,11253.0
E01018951,10912.0
E01018952,10928.0
E01018953,8356.0
E01018954,11274.0
E01018955,14541.0
E01018956,12564.0
E01018957,16707.0
E01018958,11350.0
E01018959,16351.0
E01018960,16037.0
E01018961,11786.0
E01018962,12296.0
E01018965,11408.0
E01018966,16110.0
E01018967,14488.0
E01018968,10268.0
E01018969,11913.0
E01018970,25130.0
E01018971,22922.0
E01018972,13666.0
E01018973,16928.0
E01018974,8403.0
E01018975,14544.0
E01018976,14563.0
E01018977,5782.0
E01018978,9266.0
E01018979,12662.0
E01018980,11541.0
E01018981,19705.0
E01018982,11436.0
E01018983,22261.0
E01018985,19312.0
E01018986,18366.0
E01018987,12046.0
E01018988,11550.0
E01018989,8170.0
E01018990,9695.0
E01018991,8687.0
E01018993,8018.0
E01018994,10153.0
E01018995,2447.0
E01018996,4768.0
E01018997,884.0
E01018998,8062.0
E01018999,3874.0
E01019000,9826.0
E01019001,7869.0
E01019002,10603.0
E01019003,18733.0
E01019004,3228.0
E01019005,12078.0
E01019006,11004.0
E01019007,10203.0
E01019008,8317.0
E01019009,7770.0
E01019010,24536.0
E01019011,16773.0
E01019012,8554.0
E01019013,11302.0
E01019014,21324.0
E01019015,24437.0
E01019016,21022.0
E01019018,23996.0
E01019019,15736.0
E01019020,3218.0
E01019021,17982.0
E01019022,8859.0
E01019023,21519.0
E01019024,10893.0
E01019025,21729.0
E01019026,16897.0
E01019027,19568.0
E01019028,8820.0
E01019029,2688.0
E01019030,19003.0
E01019031,13161.0
E01019032,12674.0
E01019033,1712.0
E01019034,4259.0
E01019035,24785.0
E01019036,10519.0
E01019037,10231.0
E01019038,10956.0
E01019039,17615.0
E01019040,13865.0
E01019041,2675.0
E01019042,9957.0
E01019043,14570.0
E01019044,17992.0
E01019045,21374.0
E01019046,4457.0
E01019047,7549.0
E01019048,17436.0
E01019050,15975.0
E01019051,7177.0
E01019052,8372.0
E01019053,6224.0
E01019054,11121.0
E01019055,4214.0
E01019056,2985.0
E01019057,12836.0
E01019058,22367.0
E01019059,10625.0
E01019060,17178.0
E01019061,19190.0
E01019062,11273.0
E01019063,11514.0
E01019064,11315.0
E01019065,13499.0
E01019066,14986.0
E01019067,14793.0
E01019068,19776.0
E01019069,7596.0
E01019070,6667.0
E01019071,12133.0
E01019072,8941.0
E01019073,13180.0
E01019074,5421.0
E01019075,9044.0
E01019076,6956.0
E01019077,22165.0
E01019887,13255.0
E01019888,17779.0
E01019889,24605.0
E01019890,25883.0
E01019891,17494.0
E01019894,29442.0
E01019895,29782.0
E01019896,28408.0
E01019897,17426.0
E01019898,24254.0
E01019899,21143.0
E01019901,14049.0
E01019902,18065.0
E01019903,19145.0
E01019904,15206.0
E01019905,32202.0
E01019906,28700.0
E01019907,28665.0
E01019908,21757.0
E01019909,30838.0
E01019910,26107.0
E01019911,28174.0
E01019912,20829.0
E01019913,26060.0
E01019914,6745.0
E01019915,25806.0
E01019916,11616.0
E01019917,17907.0
E01019918,11927.0
E01019919,12577.0
E01019920,20255.0
E01019921,25799.0
E01019922,10143.0
E01019923,14799.0
E01019924,17190.0
E01019925,29517.0
E01019927,11056.0
E01019928,19116.0
E01019929,24895.0
E01019930,26287.0
E01019931,31871.0
E01019932,11603.0
E01019933,18493.0
E01019934,22304.0
E01019935,18734.0
E01019936,17354.0
E01019937,27685.0
E01019938,15649.0
E01019939,27420.0
E01019940,28956.0
E01019942,19675.0
E01019943,30829.0
E01019944,28301.0
E01019945,17007.0
E01019946,25360.0
E01019947,15548.0
E01019948,23535.0
E01019949,28437.0
E01019950,15953.0
E01019951,26767.0
E01019952,26960.0
E01019953,23972.0
E01019954,16908.0
E01019955,17985.0
E01019956,27792.0
E01019957,30085.0
E01019958,27242.0
E01019959,17360.0
E01019960,22039.0
E01019961,24023.0
E01019962,25183.0
E01019963,31864.0
E01019964,27639.0
E01019965,26671.0
E01019966,22812.0
E01019967,16763.0
E01019968,26754.0
E01019969,22269.0
E01019970,26881.0
E01019971,17673.0
E01019972,13796.0
E01019973,21508.0
E01019974,19061.0
E01019975,7783.0
E01019976,25912.0
E01019977,20992.0
E01019980,12967.0
E01019981,14017.0
E01019982,17412.0
E01019983,25813.0
E01019984,28554.0
E01019985,7128.0
E01019986,30264.0
E01019987,20506.0
E01019988,25363.0
E01019989,26823.0
E01019990,5792.0
E01019991,8835.0
E01019992,13633.0
E01019993,28257.0
E01019994,16010.0
E01019995,5708.0
E01019996,21566.0
E01019997,21190.0
E01019998,28991.0
E01019999,30457.0
E01020000,11226.0
E01020001,31643.0
E01020002,16285.0
E01020003,25854.0
E01020004,31397.0
E01020005,7021.0
E01020006,16998.0
E01020007,17796.0
E01020008,23605.0
E01020009,23253.0
E01020010,8906.0
E01020011,25560.0
E01020012,9970.0
E01020013,14375.0
E01020014,5662.0
E01020015,3556.0
E01020017,14716.0
E01020018,9203.0
E01020019,27981.0
E01020020,17188.0
E01020021,21193.0
E01020022,10997.0
E01020023,26932.0
E01020024,31519.0
E01020025,19618.0
E01020026,29869.0
E01020027,24460.0
E01020029,19807.0
E01020030,14140.0
E01020031,20487.0
E01020032,11492.0
E01020036,15892.0
E01020037,7475.0
E01020038,27291.0
E01020039,5897.0
E01020040,16149.0
E01020041,12838.0
E01020042,28993.0
E01020043,21998.0
E01020044,19349.0
E01020045,16627.0
E01020046,14903.0
E01020047,22146.0
E01020048,10179.0
E01020049,14707.0
E01020050,13825.0
E01020051,25894.0
E01020052,12332.0
E01020053,11659.0
E01020054,26629.0
E01020055,13938.0
E01020056,17869.0
E01020057,15457.0
E01020058,28834.0
E01020059,19447.0
E01020060,15349.0
E01020061,24215.0
E01020062,32229.0
E01020063,21482.0
E01020064,19760.0
E01020065,14245.0
E01020067,7951.0
E01020068,13279.0
E01020069,14924.0
E01020070,15839.0
E01020071,20624.0
E01020072,14304.0
E01020073,10237.0
E01020074,19103.0
E01020075,23111.0
E01020076,14913.0
E01020077,15044.0
E01020078,8009.0
E01020079,7072.0
E01020080,22318.0
E01020081,11197.0
E01020082,16935.0
E01020083,16404.0
E01020084,16234.0
E01020085,21447.0
E01020087,12543.0
E01020088,13443.0
E01020089,28255.0
E01020090,28233.0
E01020091,28295.0
E01020092,27469.0
E01020093,17065.0
E01020094,2291.0
E01020095,8311.0
E01020096,8682.0
E01020097,13309.0
E01020098,12750.0
E01020099,17596.0
E01020100,10462.0
E01020101,14588.0
E01020102,24943.0
E01020103,2896.0
E01020104,7741.0
E01020105,22666.0
E01020106,19704.0
E01020107,25588.0
E01020108,21565.0
E01020109,21464.0
E01020110,23355.0
E01020111,4381.0
E01020112,1469.0
E01020113,4820.0
E01020114,8599.0
E01020115,15418.0
E01020116,12145.0
E01020117,15587.0
E01020118,8993.0
E01020119,15644.0
E01020120,23893.0
E01020121,18768.0
E01020122,15048.0
E01020123,12681.0
E01020124,19203.0
E01020125,28881.0
E01020126,10194.0
E01020127,14073.0
E01020128,24951.0
E01020129,12460.0
E01020130,11950.0
E01020131,9842.0
E01020132,20844.0
E01020133,25814.0
E01020134,10319.0
E01020135,10643.0
E01020136,20057.0
E01020137,14991.0
E01020138,10100.0
E01020139,5690.0
E01020140,12634.0
E01020141,6180.0
E01020142,16934.0
E01020143,17780.0
E01020144,32026.0
E01020145,21050.0
E01020146,29187.0
E01020147,16104.0
E01020148,16115.0
E01020149,12742.0
E01020150,18269.0
E01020151,29224.0
E01020152,19104.0
E01020153,17202.0
E01020154,21139.0
E01020155,9296.0
E01020156,23237.0
E01020157,13244.0
E01020158,26777.0
E01020159,17339.0
E01020160,19328.0
E01020161,18434.0
E01020162,28871.0
E01020163,29749.0
E01020164,21980.0
E01020165,31264.0
E01020166,30101.0
E01020167,32466.0
E01020168,20966.0
E01020169,23467.0
E01020170,24674.0
E01020171,28219.0
E01020172,19560.0
E01020173,27399.0
E01020174,14791.0
E01020175,17205.0
E01020176,22004.0
E01020177,14792.0
E01020178,19888.0
E01020179,18949.0
E01020180,12624.0
E01020181,17792.0
E01020182,15986.0
E01020183,15080.0
E01020184,14439.0
E01020185,29260.0
E01020186,28017.0
E01020187,19157.0
E01020188,17489.0
E01020189,10891.0
E01020190,26072.0
E01020191,16006.0
E01020192,29472.0
E01020193,20819.0
E01020194,30496.0
E01020195,15566.0
E01020196,14847.0
E01020197,24517.0
E01020198,10227.0
E01020199,15035.0
E01020200,29625.0
E01020201,28320.0
E01020202,22077.0
E01020203,30659.0
E01020204,18000.0
E01020205,20742.0
E01020206,21570.0
E01020208,12809.0
E01020209,19802.0
E01020210,27958.0
E01020211,6339.0
E01020212,7165.0
E01020213,15056.0
E01020214,21076.0
E01020215,28142.0
E01020216,6522.0
E01020217,11518.0
E01020218,8303.0
E01020219,20125.0
E01020220,18969.0
E01020221,18876.0
E01020222,31421.0
E01020223,17318.0
E01020224,15378.0
E01020225,9574.0
E01020226,19520.0
E01020227,19965.0
E01020228,9116.0
E01020230,15861.0
E01020231,18779.0
E01020232,17310.0
E01020233,22981.0
E01020234,11125.0
E01020235,13823.0
E01020236,29432.0
E01020237,18144.0
E01020238,27439.0
E01020239,28592.0
E01020240,23786.0
E01020241,18426.0
E01020242,31322.0
E01020243,19093.0
E01020244,20397.0
E01020245,21279.0
E01020246,17729.0
E01020247,14614.0
E01020248,28067.0
E01020249,24901.0
E01020250,23436.0
E01020251,21682.0
E01020252,11476.0
E01020253,30287.0
E01020254,10989.0
E01020255,17938.0
E01020256,16712.0
E01020257,28412.0
E01020258,20337.0
E01020259,14983.0
E01020260,26516.0
E01020261,24072.0
E01020262,12472.0
E01020263,21259.0
E01020264,8287.0
E01020265,27771.0
E01020266,26087.0
E01020267,22955.0
E01020268,25543.0
E01020269,5394.0
E01020270,28159.0
E01020271,12347.0
E01020272,8288.0
E01020273,22431.0
E01020274,17904.0
E01020275,13129.0
E01020276,17044.0
E01020277,5207.0
E01020278,13195.0
E01020279,13687.0
E01020280,3767.0
E01020281,21758.0
E01020282,7411.0
E01020283,16628.0
E01020284,11962.0
E01020285,8596.0
E01020286,7803.0
E01020287,9902.0
E01020288,11487.0
E01020289,11017.0
E01020290,10141.0
E01020291,12600.0
E01020292,11343.0
E01020293,9851.0
E01020294,6946.0
E01020295,14275.0
E01020296,15205.0
E01020297,6707.0
E01020298,21094.0
E01020299,16535.0
E01020300,25242.0
E01020301,11712.0
E01020302,10739.0
E01020303,12222.0
E01020304,19968.0
E01020305,14038.0
E01020306,26139.0
E01020307,11759.0
E01020308,15108.0
E01020309,10477.0
E01020311,12216.0
E01020313,9941.0
E01020314,11762.0
E01020315,18080.0
E01020316,26608.0
E01020317,20801.0
E01020318,20898.0
E01020319,14912.0
E01020320,11442.0
E01020321,10943.0
E01020323,10355.0
E01020324,13961.0
E01020325,12341.0
E01020326,17975.0
E01020327,18273.0
E01020328,15226.0
E01020329,17662.0
E01020330,13311.0
E01020331,13194.0
E01020332,15326.0
E01020333,29396.0
E01020334,14800.0
E01020335,18699.0
E01020336,31237.0
E01020337,10187.0
E01020338,20748.0
E01020339,13346.0
E01020340,14731.0
E01020341,21095.0
E01020342,15876.0
E01020343,25852.0
E01020344,25114.0
E01020345,23684.0
E01020346,11795.0
E01020347,4649.0
E01020348,4989.0
E01020349,24468.0
E01020350,28237.0
E01020351,27141.0
E01020352,25050.0
E01020353,13815.0
E01020354,19400.0
E01020355,31164.0
E01020356,29616.0
E01020357,21198.0
E01020358,31363.0
E01020359,22449.0
E01020360,23602.0
E01020361,22917.0
E01020362,29767.0
E01020363,15235.0
E01020364,13975.0
E01020365,20410.0
E01020366,30841.0
E01020367,27253.0
E01020369,28421.0
E01020370,29990.0
E01020371,29801.0
E01020372,26911.0
E01020373,28124.0
E01020374,32159.0
E01020375,23802.0
E01020376,24526.0
E01020377,32638.0
E01020378,29721.0
E01020379,23143.0
E01020380,32724.0
E01020381,31584.0
E01020382,32265.0
E01020383,31693.0
E01020384,28928.0
E01020385,27041.0
E01020386,30716.0
E01020387,32256.0
E01020388,25527.0
E01020389,14771.0
E01020390,19784.0
E01020391,29537.0
E01020392,21968.0
E01020393,7899.0
E01020394,11991.0
E01020395,31132.0
E01020396,11987.0
E01020397,15809.0
E01020398,18231.0
E01020400,28276.0
E01020401,31607.0
E01020402,32362.0
E01020403,21099.0
E01020404,28673.0
E01020405,19267.0
E01020406,30236.0
E01020407,30908.0
E01020408,23249.0
E01020409,29083.0
E01020410,14201.0
E01020411,12639.0
E01020412,13434.0
E01020413,30911.0
E01020414,29369.0
E01020415,32323.0
E01020416,27984.0
E01020417,29624.0
E01020418,31212.0
E01020419,28269.0
E01020420,31205.0
E01020421,25439.0
E01020422,19114.0
E01020423,28926.0
E01020424,20509.0
E01020425,25520.0
E01020426,29927.0
E01020427,12165.0
E01020428,21488.0
E01020429,19735.0
E01020430,22089.0
E01020431,15154.0
E01020432,16589.0
E01020433,16949.0
E01020434,19242.0
E01020435,26090.0
E01020436,21670.0
E01020437,18250.0
E01020438,12782.0
E01020439,17123.0
E01020440,18558.0
E01020441,16482.0
E01020442,17040.0
E01020443,14795.0
E01020444,12053.0
E01020445,17930.0
E01020446,26363.0
E01020447,17341.0
E01020448,17080.0
E01020449,20332.0
E01020450,29201.0
E01020452,16056.0
E01020453,17365.0
E01020454,13189.0
E01020456,14956.0
E01020457,29137.0
E01020458,25909.0
E01020460,11083.0
E01020462,15688.0
E01020463,30654.0
E01020464,26436.0
E01020465,20360.0
E01020466,16150.0
E01020467,17481.0
E01020468,21995.0
E01020469,15176.0
E01020470,32050.0
E01020471,13669.0
E01020472,15424.0
E01020473,22538.0
E01020474,24062.0
E01020475,21694.0
E01020476,17265.0
E01020477,20178.0
E01020478,26137.0
E01020479,22959.0
E01020480,21774.0
E01020481,21081.0
E01020482,18607.0
E01020483,13088.0
E01020484,18033.0
E01020485,15410.0
E01020486,22393.0
E01020487,21778.0
E01020488,12404.0
E01020489,13098.0
E01020490,15392.0
E01020491,23121.0
E01020492,19929.0
E01020493,18724.0
E01020494,17048.0
E01020495,21735.0
E01020496,11779.0
E01020497,23980.0
E01020498,20461.0
E01020499,6009.0
E01020500,14034.0
E01020501,23789.0
E01020502,7349.0
E01020503,14465.0
E01020504,24687.0
E01020505,25317.0
E01020506,11849.0
E01020507,18171.0
E01020508,18750.0
E01020509,20625.0
E01020510,17586.0
E01020511,22919.0
E01020512,13647.0
E01020513,19954.0
E01020514,22887.0
E01020515,20951.0
E01020516,17532.0
E01020517,15356.0
E01020518,11314.0
E01020519,25462.0
E01020520,24717.0
E01020523,31005.0
E01020524,25240.0
E01020525,32444.0
E01020526,20481.0
E01020527,16895.0
E01020528,16170.0
E01020529,16264.0
E01020530,14051.0
E01020531,16457.0
E01020532,28011.0
E01020533,18833.0
E01020534,16328.0
E01020535,12899.0
E01020536,12921.0
E01020537,20194.0
E01020538,22208.0
E01020539,19146.0
E01020540,21576.0
E01020542,20862.0
E01020543,8887.0
E01020544,27791.0
E01020546,18898.0
E01020547,17009.0
E01020549,18933.0
E01020550,18756.0
E01020551,8679.0
E01020552,1396.0
E01020553,3531.0
E01020554,1142.0
E01020555,1524.0
E01020556,6976.0
E01020557,27597.0
E01020558,26650.0
E01020559,30118.0
E01020560,29600.0
E01020561,18643.0
E01020562,15997.0
E01020563,5796.0
E01020564,7975.0
E01020565,13414.0
E01020566,18877.0
E01020569,2073.0
E01020570,20927.0
E01020571,10945.0
E01020572,11540.0
E01020573,4723.0
E01020574,8254.0
E01020575,2076.0
E01020576,25632.0
E01020577,15298.0
E01020578,11049.0
E01020579,20815.0
E01020580,26334.0
E01020581,10696.0
E01020582,3273.0
E01020583,24206.0
E01020584,12392.0
E01020585,10720.0
E01020586,17712.0
E01020587,15514.0
E01020588,21766.0
E01020589,11891.0
E01022100,27851.0
E01022101,28494.0
E01022102,13914.0
E01022104,27156.0
E01022105,32797.0
E01022106,29879.0
E01022107,28375.0
E01022108,28455.0
E01022109,32114.0
E01022110,25505.0
E01022111,31092.0
E01022112,32615.0
E01022113,32366.0
E01022114,32080.0
E01022115,29524.0
E01022116,29292.0
E01022117,20112.0
E01022118,32823.0
E01022119,31131.0
E01022120,4937.0
E01022121,7726.0
E01022122,3984.0
E01022123,26238.0
E01022124,10112.0
E01022125,28846.0
E01022126,19287.0
E01022127,22257.0
E01022128,32554.0
E01022129,28624.0
E01022130,31772.0
E01022131,5117.0
E01022132,7564.0
E01022133,5439.0
E01022134,9522.0
E01022135,31126.0
E01022136,28125.0
E01022137,29062.0
E01022138,32426.0
E01022139,24320.0
E01022140,26381.0
E01022141,25003.0
E01022142,21958.0
E01022143,30681.0
E01022144,25214.0
E01022145,29383.0
E01022146,32138.0
E01022147,2178.0
E01022148,15158.0
E01022149,10448.0
E01022150,14693.0
E01022151,12411.0
E01022152,2368.0
E01022153,9583.0
E01022154,18375.0
E01022155,16663.0
E01022156,12949.0
E01022157,6880.0
E01022159,9418.0
E01022160,6078.0
E01022161,13001.0
E01022162,19483.0
E01022163,22797.0
E01022164,5916.0
E01022165,21876.0
E01022166,25247.0
E01022167,32319.0
E01022168,31721.0
E01022169,18516.0
E01022170,32257.0
E01022171,32750.0
E01022172,31317.0
E01022173,12924.0
E01022174,28374.0
E01022175,19699.0
E01022176,19110.0
E01022177,23544.0
E01022178,23165.0
E01022179,20381.0
E01022181,30353.0
E01022182,24741.0
E01022183,26611.0
E01022184,23491.0
E01022185,27252.0
E01022186,18513.0
E01022187,17866.0
E01022188,13676.0
E01022189,27926.0
E01022190,19650.0
E01022191,26135.0
E01022192,12496.0
E01022193,32483.0
E01022194,20463.0
E01022195,29283.0
E01022196,31593.0
E01022197,32405.0
E01022198,20747.0
E01022199,25278.0
E01022200,11419.0
E01022201,19046.0
E01022202,27919.0
E01022203,29885.0
E01022204,28090.0
E01022205,20167.0
E01022207,24660.0
E01022208,32453.0
E01022209,23758.0
E01022210,18487.0
E01022211,17850.0
E01022213,27273.0
E01022215,20284.0
E01022216,19344.0
E01022217,28186.0
E01022218,16176.0
E01022219,31773.0
E01022220,31147.0
E01022221,23045.0
E01022222,18584.0
E01022224,26000.0
E01022225,20863.0
E01022226,20516.0
E01022227,15469.0
E01022228,11980.0
E01022229,19336.0
E01022230,21053.0
E01022231,15159.0
E01022232,20686.0
E01022233,17484.0
E01022234,22048.0
E01022235,18274.0
E01022236,17472.0
E01022237,7412.0
E01022238,2729.0
E01022239,20616.0
E01022240,10767.0
E01022241,12384.0
E01022242,11140.0
E01022243,10684.0
E01022244,15827.0
E01022245,8784.0
E01022246,25678.0
E01022247,20537.0
E01022248,20051.0
E01022249,17244.0
E01022250,13345.0
E01022251,11666.0
E01022252,20170.0
E01022253,18083.0
E01022254,7508.0
E01022255,26118.0
E01022256,7578.0
E01022257,25939.0
E01022258,14490.0
E01022259,25467.0
E01022260,16756.0
E01022261,18505.0
E01022262,17693.0
E01022263,18596.0
E01022264,17156.0
E01022265,12901.0
E01022266,14998.0
E01022267,17672.0
E01022268,15477.0
E01022269,21693.0
E01022270,13419.0
E01022271,17928.0
E01022272,14533.0
E01022273,20570.0
E01022274,21394.0
E01022275,25662.0
E01022276,27276.0
E01022277,20806.0
E01022278,24912.0
E01022279,24487.0
E01022280,24763.0
E01022281,27709.0
E01022282,29379.0
E01022283,29131.0
E01022284,6076.0
E01022285,5091.0
E01022286,7316.0
E01022287,19179.0
E01022288,5747.0
E01022289,4101.0
E01022290,5660.0
E01022291,3126.0
E01022292,5136.0
E01022293,6630.0
E01022294,7298.0
E01022295,25043.0
E01022296,13863.0
E01022297,31496.0
E01022298,25618.0
E01022299,19458.0
E01022300,23654.0
E01022301,10026.0
E01022302,21424.0
E01022303,19779.0
E01022304,28711.0
E01022305,28079.0
E01022306,28208.0
E01022307,29388.0
E01022308,26956.0
E01022309,8994.0
E01022310,11949.0
E01022311,1456.0
E01022312,15803.0
E01022313,25587.0
E01022314,24509.0
E01022315,29932.0
E01022316,29039.0
E01022317,30776.0
E01022318,31051.0
E01022319,735.0
E01022320,5681.0
E01022321,14918.0
E01022322,3800.0
E01022323,2948.0
E01022324,3508.0
E01022325,11134.0
E01022326,12729.0
E01022327,16078.0
E01022328,5238.0
E01022329,2221.0
E01022330,15816.0
E01022331,10417.0
E01022332,4897.0
E01022333,621.0
E01022334,15510.0
E01022335,24263.0
E01022336,22985.0
E01022338,17806.0
E01022339,31070.0
E01022340,26837.0
E01022341,19527.0
E01022342,29186.0
E01022343,17576.0
E01022344,14347.0
E01022345,22101.0
E01022346,2801.0
E01022350,31500.0
E01022351,16677.0
E01022352,26809.0
E01022353,27195.0
E01022354,30711.0
E01022355,23747.0
E01022356,25946.0
E01022357,26825.0
E01022358,12126.0
E01022359,29467.0
E01022360,30983.0
E01022361,15242.0
E01022362,27225.0
E01022363,26908.0
E01022364,7812.0
E01022366,32746.0
E01022367,32166.0
E01022368,30406.0
E01022369,27148.0
E01022370,29997.0
E01022371,27749.0
E01022372,26879.0
E01022373,21514.0
E01022374,19556.0
E01022375,9368.0
E01022376,22721.0
E01022377,16307.0
E01022378,28483.0
E01022379,18609.0
E01022381,29208.0
E01022382,31042.0
E01022383,15382.0
E01022384,27018.0
E01022385,26029.0
E01022386,29999.0
E01022387,25051.0
E01022388,19416.0
E01022389,29798.0
E01022390,29192.0
E01022391,21708.0
E01022392,20865.0
E01022393,29138.0
E01022394,27857.0
E01022395,32160.0
E01022396,27296.0
E01022397,22719.0
E01022398,21211.0
E01022399,12028.0
E01022400,18648.0
E01022401,20634.0
E01022402,23100.0
E01022403,8511.0
E01022404,26382.0
E01022405,19820.0
E01022406,31466.0
E01022407,21970.0
E01022408,25145.0
E01022409,22613.0
E01022410,17775.0
E01022411,23563.0
E01022413,23379.0
E01022414,20336.0
E01022415,31075.0
E01022416,21140.0
E01022417,32184.0
E01022418,29592.0
E01022421,13002.0
E01022423,23915.0
E01022424,10369.0
E01022425,30177.0
E01022426,32175.0
E01022427,29918.0
E01022428,13651.0
E01022429,26772.0
E01022430,31802.0
E01022431,29266.0
E01022432,26461.0
E01022433,32390.0
E01022434,28916.0
E01022437,24146.0
E01022438,32519.0
E01022439,30802.0
E01022440,14979.0
E01022441,14522.0
E01022442,17168.0
E01022443,28324.0
E01022444,19289.0
E01022445,20229.0
E01022447,26048.0
E01022448,14175.0
E01022449,22167.0
E01022450,11556.0
E01022451,23199.0
E01022452,25133.0
E01022453,26656.0
E01022454,18412.0
E01022455,29523.0
E01022456,25366.0
E01022457,6963.0
E01022458,4199.0
E01022459,15638.0
E01022460,20126.0
E01022461,30106.0
E01022462,25930.0
E01022463,23853.0
E01022464,17516.0
E01022465,30019.0
E01022466,29195.0
E01022983,25238.0
E01022993,9684.0
E01022994,31052.0
E01022996,13619.0
E01023012,21443.0
E01023021,29818.0
E01023022,17425.0
E01023025,18801.0
E01023026,14118.0
E01023055,4926.0
E01023063,14949.0
E01023066,24495.0
E01023070,16788.0
E01023071,20704.0
E01023159,20082.0
E01023162,17643.0
E01023165,20948.0
E01023195,24711.0
E01023196,19664.0
E01023197,26720.0
E01028713,20797.0
E01028745,32733.0
E01028746,31204.0
E01028747,28987.0
E01028748,28160.0
E01028767,25924.0
E01028776,20441.0
E01029018,20836.0
E01029019,22120.0
E01029020,17294.0
E01029021,18976.0
E01029022,27701.0
E01029023,20149.0
E01029024,28359.0
E01029025,12633.0
E01029027,22531.0
E01029028,22078.0
E01029029,10132.0
E01029030,30228.0
E01029031,26493.0
E01029032,25374.0
E01029033,24940.0
E01029034,24880.0
E01029036,10564.0
E01029037,11348.0
E01029038,11757.0
E01029039,18737.0
E01029040,16465.0
E01029041,11822.0
E01029042,4252.0
E01029043,16470.0
E01029044,12100.0
E01029045,16882.0
E01029046,3233.0
E01029047,14845.0
E01029050,13103.0
E01029051,16348.0
E01029052,17480.0
E01029053,14474.0
E01029054,15777.0
E01029055,21797.0
E01029056,20696.0
E01029057,18875.0
E01029058,16390.0
E01029059,17003.0
E01029060,18280.0
E01029062,9046.0
E01029063,22417.0
E01029064,19773.0
E01029065,28294.0
E01029066,14683.0
E01029067,13354.0
E01029068,14759.0
E01029070,20798.0
E01029071,14362.0
E01029072,9460.0
E01029073,16028.0
E01029074,30860.0
E01029075,12578.0
E01029076,27490.0
E01029077,16758.0
E01029078,19787.0
E01029079,10764.0
E01029080,19038.0
E01029081,13597.0
E01029082,30250.0
E01029083,31364.0
E01029084,18428.0
E01029085,21868.0
E01029086,22174.0
E01029089,21158.0
E01029091,16436.0
E01029092,22441.0
E01029093,6806.0
E01029094,14565.0
E01029095,5001.0
E01029096,7002.0
E01029097,5555.0
E01029098,3428.0
E01029099,3598.0
E01029100,2820.0
E01029101,13581.0
E01029102,12692.0
E01029103,27729.0
E01029104,30506.0
E01029105,3394.0
E01029106,1246.0
E01029107,3224.0
E01029108,14598.0
E01029109,3850.0
E01029110,6288.0
E01029111,10012.0
E01029112,4643.0
E01029113,23855.0
E01029114,24004.0
E01029115,29812.0
E01029116,10670.0
E01029117,7058.0
E01029118,18896.0
E01029119,11013.0
E01029120,18278.0
E01029121,16338.0
E01029122,23656.0
E01029123,14318.0
E01029124,22241.0
E01029125,15186.0
E01029126,24252.0
E01029127,20770.0
E01029128,30795.0
E01029129,25192.0
E01029130,15810.0
E01029131,4407.0
E01029132,1133.0
E01029133,16433.0
E01029134,9859.0
E01029135,18390.0
E01029136,11246.0
E01029137,13078.0
E01029138,20916.0
E01029139,17448.0
E01029142,23721.0
E01029143,14024.0
E01029144,15026.0
E01029145,24393.0
E01029147,22983.0
E01029148,25333.0
E01029149,19143.0
E01029150,20743.0
E01029151,19948.0
E01029152,11111.0
E01029153,16379.0
E01029154,13875.0
E01029155,21832.0
E01029156,16546.0
E01029157,18860.0
E01029158,22796.0
E01029159,29219.0
E01029161,17988.0
E01029162,21308.0
E01029163,14659.0
E01029164,20176.0
E01029165,14702.0
E01029166,20139.0
E01029167,16108.0
E01029168,30541.0
E01029169,18488.0
E01029170,9042.0
E01029171,10538.0
E01029172,29797.0
E01029173,14819.0
E01029174,12766.0
E01029175,8248.0
E01029176,24506.0
E01029177,5092.0
E01029178,16911.0
E01029179,10056.0
E01029180,15500.0
E01029181,20185.0
E01029182,26023.0
E01029183,13678.0
E01029184,23896.0
E01029185,14011.0
E01029186,9383.0
E01029187,9776.0
E01029188,24761.0
E01029189,17398.0
E01029190,25401.0
E01029191,17263.0
E01029192,22400.0
E01029193,13594.0
E01029194,26193.0
E01029195,16532.0
E01029196,12790.0
E01029197,13240.0
E01029198,27496.0
E01029199,18785.0
E01029200,11128.0
E01029201,23166.0
E01029202,10461.0
E01029203,23832.0
E01029204,23255.0
E01029205,27404.0
E01029206,23007.0
E01029207,28688.0
E01029208,14931.0
E01029209,24908.0
E01029210,23643.0
E01029211,17995.0
E01029212,21681.0
E01029213,15581.0
E01029214,19589.0
E01029215,15567.0
E01029216,22143.0
E01029217,16731.0
E01029218,17282.0
E01029219,17493.0
E01029220,23130.0
E01029221,16157.0
E01029222,15742.0
E01029223,20433.0
E01029224,19082.0
E01029225,22829.0
E01029226,15371.0
E01029227,20163.0
E01029228,19167.0
E01029229,14686.0
E01029230,11981.0
E01029231,14813.0
E01029232,12532.0
E01029233,7929.0
E01029235,12359.0
E01029236,3703.0
E01029237,5651.0
E01029238,12489.0
E01029239,4833.0
E01029240,16475.0
E01029241,12366.0
E01029242,26052.0
E01029243,20716.0
E01029244,32046.0
E01029245,22008.0
E01029246,22147.0
E01029247,2923.0
E01029248,7522.0
E01029249,9912.0
E01029250,20099.0
E01029251,22178.0
E01029252,27699.0
E01029254,30936.0
E01029255,14961.0
E01029256,23320.0
E01029257,14444.0
E01029258,26934.0
E01029259,15132.0
E01029260,29095.0
E01029261,16366.0
E01029262,20626.0
E01029263,28606.0
E01029264,28575.0
E01029265,30225.0
E01029266,19993.0
E01029267,18393.0
E01029268,15415.0
E01029269,18481.0
E01029270,17682.0
E01029271,17700.0
E01029273,26962.0
E01029274,23567.0
E01029275,17839.0
E01029276,22604.0
E01029277,21156.0
E01029278,21187.0
E01029279,14736.0
E01029280,7735.0
E01029281,11503.0
E01029282,24656.0
E01029283,13807.0
E01029284,5754.0
E01029285,17023.0
E01029286,10302.0
E01029287,16288.0
E01029288,18758.0
E01029289,15724.0
E01029290,18047.0
E01029291,5809.0
E01029292,1504.0
E01029293,1344.0
E01029294,24813.0
E01029295,29757.0
E01029296,27127.0
E01029297,2086.0
E01029298,10565.0
E01029299,6868.0
E01029300,17556.0
E01029301,15552.0
E01029302,30879.0
E01029303,31033.0
E01029304,5559.0
E01029305,15728.0
E01029306,16167.0
E01029307,5246.0
E01029308,30876.0
E01029310,27240.0
E01029311,5715.0
E01029312,22691.0
E01029313,14357.0
E01029315,29355.0
E01029316,18967.0
E01029317,16474.0
E01029319,23209.0
E01029320,16639.0
E01029321,18247.0
E01029322,15208.0
E01029324,14278.0
E01029325,9081.0
E01029326,9483.0
E01029327,12427.0
E01029328,9685.0
E01029329,13121.0
E01029330,15254.0
E01029331,17547.0
E01029333,6884.0
E01029334,10073.0
E01029335,10163.0
E01029336,13027.0
E01029337,9915.0
E01029338,9267.0
E01029339,8352.0
E01029341,8349.0
E01029342,12279.0
E01029343,11690.0
E01031245,24112.0
E01031841,27369.0
E01031842,19979.0
E01031843,23971.0
E01031845,16414.0
E01031846,17109.0
E01031847,27623.0
E01031848,18624.0
E01031849,19382.0
E01031850,21563.0
E01031851,10052.0
E01031852,23352.0
E01031853,16800.0
E01031854,8441.0
E01031855,31063.0
E01031856,9314.0
E01031857,22228.0
E01031858,29303.0
E01031859,10860.0
E01031860,14070.0
E01031861,25886.0
E01031862,12338.0
E01031863,28212.0
E01031864,31933.0
E01031865,24830.0
E01031866,19209.0
E01031867,19602.0
E01031868,20895.0
E01031869,14520.0
E01031870,27832.0
E01031871,17094.0
E01031872,21773.0
E01031873,24038.0
E01031874,31344.0
E01031876,16602.0
E01031877,18924.0
E01031879,29171.0
E01031882,21790.0
E01031883,26584.0
E01031884,18455.0
E01031885,25323.0
E01031886,28563.0
E01031887,26678.0
E01031888,28030.0
E01031889,13364.0
E01031890,27803.0
E01031892,24266.0
E01031893,17140.0
E01031894,22018.0
E01031895,11530.0
E01031896,6911.0
E01031897,23793.0
E01031898,15911.0
E01031901,12772.0
E01031902,19418.0
E01031903,30762.0
E01031904,25398.0
E01031905,31682.0
E01031906,28568.0
E01031907,32418.0
E01031908,16382.0
E01031909,27965.0
E01031910,24842.0
E01031911,8510.0
E01031912,9636.0
E01031913,30018.0
E01031914,7719.0
E01031915,31062.0
E01031916,15948.0
E01031917,12502.0
E01031918,26264.0
E01031919,31219.0
E01031920,27262.0
E01031921,31703.0
E01031922,27200.0
E01031923,31744.0
E01031924,30283.0
E01031925,15293.0
E01031926,18213.0
E01031927,30842.0
E01031928,3405.0
E01031929,29897.0
E01031930,28061.0
E01031931,26285.0
E01031932,23661.0
E01031933,14238.0
E01031934,30758.0
E01031935,27435.0
E01031936,14585.0
E01031937,13913.0
E01031938,21300.0
E01031939,26747.0
E01031940,24522.0
E01031941,25848.0
E01031942,18501.0
E01031944,20290.0
E01031946,26364.0
E01031947,14047.0
E01031948,30449.0
E01031949,30562.0
E01031950,17841.0
E01031951,20912.0
E01031952,15627.0
E01031955,28951.0
E01031956,9107.0
E01031957,23671.0
E01031958,27548.0
E01031959,27198.0
E01031960,23498.0
E01031961,19991.0
E01031962,30032.0
E01031963,8295.0
E01031964,23887.0
E01031965,25081.0
E01031966,29792.0
E01031967,17351.0
E01031968,28614.0
E01031969,31156.0
E01031970,31402.0
E01031971,17284.0
E01031972,30260.0
E01031973,27997.0
E01031974,22140.0
E01031975,9450.0
E01031976,22254.0
E01031978,22702.0
E01031979,22131.0
E01031980,10442.0
E01031981,6324.0
E01031982,15983.0
E01031983,6328.0
E01031984,32233.0
E01031985,17174.0
E01031986,11103.0
E01031988,29161.0
E01031989,17799.0
E01031990,15821.0
E01031991,14482.0
E01031992,29258.0
E01031993,22309.0
E01031994,28788.0
E01031995,27264.0
E01031996,17620.0
E01031997,31109.0
E01031999,28734.0
E01032000,18878.0
E01032001,23434.0
E01032002,21921.0
E01032003,20591.0
E01032004,15668.0
E01032005,28009.0
E01032006,30247.0
E01032007,20342.0
E01032008,12958.0
E01032009,30217.0
E01032010,15092.0
E01032012,29359.0
E01032013,12416.0
E01032014,10909.0
E01032015,20245.0
E01032016,21846.0
E01032017,31696.0
E01032018,29828.0
E01032019,12970.0
E01032020,28010.0
E01032021,25513.0
E01032022,15295.0
E01032023,6535.0
E01032024,22452.0
E01032025,19439.0
E01032026,28818.0
E01032027,16566.0
E01032029,19898.0
E01032030,18147.0
E01032031,19137.0
E01032032,30725.0
E01032033,25757.0
E01032034,28782.0
E01032035,29559.0
E01032036,11672.0
E01032037,17097.0
E01032038,24627.0
E01032039,21755.0
E01032040,11305.0
E01032041,25293.0
E01032042,24941.0
E01032043,25463.0
E01032044,27486.0
E01032045,30013.0
E01032046,24600.0
E01032047,28694.0
E01032048,15210.0
E01032049,25180.0
E01032051,17050.0
E01032052,28632.0
E01032053,25699.0
E01032054,13890.0
E01032055,30195.0
E01032056,14737.0
E01032057,25807.0
E01032058,26276.0
E01032059,24715.0
E01032060,27494.0
E01032061,30067.0
E01032062,4988.0
E01032063,15460.0
E01032064,6087.0
E01032065,16313.0
E01032066,14018.0
E01032067,23104.0
E01032068,15916.0
E01032069,28037.0
E01032070,14507.0
E01032072,29462.0
E01032073,18812.0
E01032074,23518.0
E01032075,18849.0
E01032076,18259.0
E01032077,22902.0
E01032078,20987.0
E01032079,20268.0
E01032080,31121.0
E01032081,16296.0
E01032082,17264.0
E01032083,17962.0
E01032085,19161.0
E01032087,11882.0
E01032088,23845.0
E01032089,15432.0
E01032090,14432.0
E01032091,18845.0
E01032092,28587.0
E01032093,5742.0
E01032094,9938.0
E01032095,24864.0
E01032096,2484.0
E01032097,31333.0
E01032098,20008.0
E01032100,22976.0
E01032101,11175.0
E01032102,26571.0
E01032103,17347.0
E01032104,10346.0
E01032105,28952.0
E01032106,28539.0
E01032107,26286.0
E01032108,24078.0
E01032109,18304.0
E01032110,21976.0
E01032111,15222.0
E01032112,26240.0
E01032113,12670.0
E01032114,17281.0
E01032115,10628.0
E01032117,18550.0
E01032118,6761.0
E01032119,19390.0
E01032121,22915.0
E01032341,28111.0
E01032347,29301.0
E01032348,31283.0
E01032350,19706.0
E01032352,20544.0
E01032353,17214.0
E01032372,16805.0
E01032374,17220.0
E01032390,19778.0
E01032413,28887.0
E01032514,182.0
E01032515,1665.0
E01032516,14374.0
E01032517,6292.0
E01032518,1660.0
E01032519,17770.0
E01032627,9271.0
E01032628,20064.0
E01032631,19204.0
E01032632,19326.0
E01032633,10217.0
E01032634,29800.0
E01032635,7482.0
E01032636,18357.0
E01032643,23347.0
E01032644,11222.0
E01032645,10392.0
E01032651,27215.0
E01032652,17466.0
E01032657,14499.0
E01032658,3793.0
E01032659,5194.0
E01032660,16257.0
E01032661,19394.0
E01032662,4960.0
E01032666,18888.0
E01032667,21221.0
E01032668,22509.0
E01032669,21204.0
E01032670,16666.0
E01032671,19518.0
E01032672,25803.0
E01032673,10701.0
E01032675,32428.0
E01032676,31642.0
E01032677,18553.0
E01032678,32697.0
E01032679,23523.0
E01032680,22150.0
E01032681,26103.0
E01032682,25736.0
E01032688,25933.0
E01032689,26092.0
E01032690,25348.0
E01032691,19640.0
E01032692,18382.0
E01032693,24182.0
E01032694,24542.0
E01032695,26676.0
E01032696,21304.0
E01032697,16520.0
E01032699,25572.0
E01032700,32072.0
E01032701,25819.0
E01032702,27186.0
E01032703,29286.0
E01032704,25274.0
E01032705,23702.0
E01032706,29036.0
E01032707,30151.0
E01032708,21196.0
E01032709,25283.0
E01032710,28892.0
E01032711,28424.0
E01032712,26719.0
E01032713,28472.0
E01032714,10472.0
E01032715,11600.0
E01032716,17530.0
E01032932,5109.0
E01032933,19164.0
E01032935,17155.0
E01032937,1579.0
E01032938,24545.0
E01032939,28820.0
E01032940,31122.0
E01033078,28395.0
E01033079,22711.0
E01033080,18210.0
E01033156,27806.0
E01033158,27612.0
E01033200,6203.0
E01033232,24668.0
E01033234,26869.0
E01033235,28099.0
E01033236,29118.0
E01033241,11313.0
E01033242,8518.0
E01033283,17949.0
E01033285,11627.0
E01033286,20471.0
E01033288,18681.0
E01033289,14501.0
E01033291,13005.0
E01033292,4945.0
E01033294,20514.0
E01033334,32140.0
E01033336,32394.0
E01033338,19172.0
E01033339,14459.0
E01033342,12787.0
E01033344,10883.0
E01033347,5434.0
E01033348,3323.0
E01033350,15252.0
E01033352,7966.0
E01033353,5406.0
E01033356,2023.0
E01033358,1501.0
E01033359,3472.0
E01033361,4598.0
E01033362,10340.0
E01033364,13349.0
E01033366,2559.0
E01033367,1223.0
E01033369,1657.0
E01033370,1195.0
E01033840,27871.666666666668
E01033841,28465.666666666668
E01033842,25819.0
E01033843,22905.0
E01033844,28465.666666666668
E01033845,13508.666666666666
E01033846,13521.666666666666
E01033847,19797.333333333332
E01033848,24898.333333333332
E01033849,19795.333333333332
E01033850,20381.0
E01033860,11222.333333333334
E01033861,21096.0
E01033902,6462.666666666667
E01033903,3357.6666666666665
E01033904,18759.0
E01033905,17320.333333333332
E01033906,15286.333333333334
E01033907,6574.0
E01033908,8288.333333333334
E01033909,15286.333333333334
E01033910,3088.3333333333335
E01034157,22730.0
E01034158,23230.333333333332
E01034159,2892.0
E01034160,2213.0
E01034161,3067.6666666666665
E01034162,1004.3333333333334
E01034165,18828.666666666668
E01034166,17316.666666666668
E01034167,20189.666666666668
E01034168,20189.666666666668
E01034169,12286.0
E01034170,2836.0
E01034171,10998.333333333334
E01034172,17385.666666666668
E01034271,6313.0
E01034272,13091.0
E01034273,12500.0
E01034274,8825.333333333334
E01034275,3708.6666666666665
E01034276,5803.0
E01034277,11458.0
E01034278,11157.0
E01034279,24434.666666666668
E01034280,25904.666666666668
E01034281,19308.333333333332
E01034282,13615.0
E01034283,16288.333333333334
E01034284,5900.666666666667
E01034372,28487.333333333332
E01034373,18197.333333333332
E01034374,19094.0
E01034375,19094.0
E01034376,24201.333333333332
E01034377,24201.333333333332
E01034378,19014.333333333332
E01034379,18525.333333333332
E01034380,21232.666666666668
E01034381,18804.0
E01034382,19999.333333333332
E01034520,26090.333333333332
E01034521,29341.666666666668
E01034522,26227.666666666668
E01034523,24652.0
E01034524,15538.333333333334
E01034525,16815.0
E01034526,17550.666666666668
E01034527,17087.666666666668
E01034528,16139.0
E01034529,18782.666666666668
E01034530,23839.0
E01034531,23274.333333333332
E01034532,26158.0
E01034533,20792.0
E01034534,12181.666666666666
E01034535,21757.333333333332
E01034536,26889.333333333332
E01034537,26889.333333333332
E01034538,21375.666666666668
E01034539,16665.666666666668
E01034540,22367.0
E01034541,19337.333333333332
E01034542,24056.333333333332
E01034543,22828.333333333332
E01034544,18135.333333333332
E01034545,18135.333333333332
E01034546,18135.333333333332
E01034547,26411.666666666668
E01034548,26411.666666666668
E01034549,26411.666666666668
E01034550,25039.0
E01034551,12259.666666666666
E01034552,11979.666666666666
E01034553,13816.666666666666
E01034554,18850.333333333332
E01034555,18033.333333333332
E01034556,18850.333333333332
E01034557,24137.0
E01034558,24137.0
E01034618,18546.333333333332
E01034619,19662.0
E01034620,24512.0
E01034621,24512.0
E01034622,21424.0
E01034623,27690.333333333332
E01034624,23365.666666666668
E01034625,25437.0
E01034626,24915.0
E01034627,24915.0
E01034628,30363.666666666668
E01034629,16292.0
E01034630,13272.666666666666
E01034631,14320.333333333334
E01034632,17858.666666666668
E01034633,25332.333333333332
E01034634,22395.666666666668
E01034635,23130.333333333332
E01034636,14780.666666666666
E01034637,10791.666666666666
E01034638,16787.333333333332
E01034639,16787.333333333332
E01034640,14778.666666666666
E01034641,20957.0
E01034642,12005.333333333334
E01034643,15603.333333333334
E01034777,10480.666666666666
E01034778,15106.0
E01034779,14128.666666666666
E01034780,20148.666666666668
E01034781,19466.0
E01034782,19466.0
E01034783,25687.333333333332
E01034784,25687.333333333332
E01034785,24779.333333333332
E01034786,24779.333333333332
E01034787,22421.0
E01034788,24513.666666666668
E01034789,25169.666666666668
E01034790,25169.666666666668
E01034791,11147.333333333334
E01034792,3870.6666666666665
E01034793,3605.3333333333335
E01034794,9722.0
E01034795,19991.0
E01034796,19991.0
E01034797,18526.333333333332
E01034798,19991.0
E01034799,26893.333333333332
E01034800,19800.0
E01034801,9505.666666666666
E01034802,18526.333333333332
E01034803,18763.333333333332
E01034804,27860.0
E01034805,24164.333333333332
E01034806,15762.0
E01034807,25148.666666666668
E01034808,27998.666666666668
E01034809,22973.0
E01034810,15762.0
E01034811,31903.666666666668
E01034812,31903.666666666668
E01034813,31903.666666666668
E01034814,31903.666666666668
E01034815,31903.666666666668
E01034847,10582.666666666666
E01034848,10582.666666666666
E01034849,3914.6666666666665
E01034850,7905.333333333333
E01034851,13010.0
E01034852,10417.333333333334
E01034853,15636.333333333334
E01034854,15716.0
E01034855,21165.666666666668
E01034856,13306.333333333334
E01034857,14173.0
E01034858,9104.0
E01034859,13924.333333333334
E01034860,13690.0
E01034862,19182.0
E01034863,20018.0
E01034864,20608.666666666668
E01034865,20194.333333333332
E01034866,6549.666666666667
E01034867,3464.6666666666665
E01034868,13469.0
E01034869,17800.666666666668
E01035034,23507.0
E01035107,18583.666666666668
E01035108,20638.333333333332
E01035109,14466.333333333334
E01035110,15729.666666666666
E01035111,10817.666666666666
E01035112,22328.666666666668
E01035113,13256.0
E01035114,9096.0
E01035115,15227.666666666666
E01035116,10795.666666666666
E01035117,7578.0
E01035118,7318.666666666667
E01035119,7318.666666666667
E01035120,14433.333333333334
E01035121,7281.0
E01035122,7281.0
E01035123,18085.666666666668
E01035124,22838.333333333332
E01035125,10726.0
E01035126,15204.666666666666
E01035127,18470.333333333332
E01035128,22334.333333333332
E01035129,17307.333333333332
E01035130,17307.333333333332
E01035131,18671.666666666668
E01035132,23671.0
E01035205,13373.0
E01035206,13373.0
E01035207,25703.333333333332
E01035208,26411.666666666668
E01035209,17147.0
E01035210,23653.666666666668
E01035211,27892.666666666668
E01035212,30246.333333333332
E01035213,18659.0
E01035214,22410.0
E01035215,14466.666666666666
E01035216,15848.0
E01035217,24997.333333333332
E01035218,29569.0
E01035219,20466.333333333332
E01035220,24643.666666666668
E01035221,32042.333333333332
E01035222,21469.666666666668
E01035223,13761.0
E01035224,13761.0
E01035225,13761.0
E01035226,16894.333333333332
E01035227,24072.666666666668
E01035228,16229.0
E01035229,13219.666666666666
E01035230,16609.333333333332
E01035231,12993.666666666666
E01035232,30944.0
E01035233,29527.0
W01001595,10769.333333333334
W01001599,18338.333333333332
